cell	keep	rename_to
orig.ident	no	na
nCount_RNA	yes	UMI Count
nFeature_RNA	yes	Gene Count
percent.mito	yes	Mitochondrial UMI%
log10GenesPerUMI	yes	log10GenesPerUMI
ID	no	na
SAMPLE	no	na
FASTQ	no	na
SJUID	no	na
SJID	no	na
cancer_type	no	na
Subject_Disease_Code	no	na
Subject_Disease_Subtype_Code	no	na
tissue_type	yes	Model
assay_technology_updated	yes	Seq Tech
assay_technology	no	na
historic_data	no	na
RPMI	yes	RPMI
genome_reference_updated_code	no	na
genome_reference_updated	no	na
genome_reference	no	na
FASTQ_old	no	na
DYExxxx	no	na
DYE_Melody_unsure	no	na
DYExxxx_corrected	no	na
SRM_updated	no	na
SRM	no	na
SRM_Sample_ID_updated	no	na
SRM_Sample_ID	no	na
Experimental_Sample	no	na
sample_3D	no	na
sample_2D.NOT.NEEDED.2025.04.10	no	na
Tissue_Bank_ID	no	na
Xenograft_CompBio_ID	no	na
CSTN_MAST_ID	no	na
Date	no	na
SRM_Submission_Information	no	na
Compbioname_for_publications	yes	SJID
Comp_Bio_Sample_Name	no	na
Comp_Bio_Subject_ID	no	na
Preferred_Sample_ID	no	na
Sample_Type_Code	no	na
Prior_Comp_Bio_ID	no	na
PATH	no	na
NOTES	no	na
match_SJID_RPMI	no	na
ID_with_sample_swap	no	na
SAMPLE_with_sample_swap	no	na
FASTQ_with_sample_swap	no	na
S.Score	yes	S.Score
G2M.Score	yes	G2M.Score
Phase	yes	Phase
UMAP_1	no	na
UMAP_2	no	na
PC_1	no	na
PC_2	no	na
PC_3	no	na
PC_4	no	na
PC_5	no	na
PC_6	no	na
PC_7	no	na
PC_8	no	na
PC_9	no	na
PC_10	no	na
PC_11	no	na
PC_12	no	na
PC_13	no	na
PC_14	no	na
PC_15	no	na
PC_16	no	na
PC_17	no	na
PC_18	no	na
PC_19	no	na
PC_20	no	na
PC_21	no	na
PC_22	no	na
PC_23	no	na
PC_24	no	na
PC_25	no	na
PC_26	no	na
PC_27	no	na
PC_28	no	na
PC_29	no	na
PC_30	no	na
Cluster Res 0	yes	Cluster Res 0
seurat_clusters	no	na
Cluster Res 0.1	yes	Cluster Res 0.1
Cluster Res 0.2	yes	Cluster Res 0.2
Cluster Res 0.3	yes	Cluster Res 0.3
Cluster Res 0.4	yes	Cluster Res 0.4
Cluster Res 0.5	yes	Cluster Res 0.5
Cluster Res 0.6	yes	Cluster Res 0.6
Cluster Res 0.7	yes	Cluster Res 0.7
Cluster Res 0.8	yes	Cluster Res 0.8
Cluster Res 0.9	yes	Cluster Res 0.9
Cluster Res 1	yes	Cluster Res 1
RNA_snn_res.2	no	na
RNA_snn_res.3	no	na
RNA_snn_res.4	no	na
RNA_snn_res.5	no	na
RNA_snn_res.6	no	na
RNA_snn_res.7	no	na
RNA_snn_res.8	no	na
RNA_snn_res.9	no	na
RNA_snn_res.10	no	na
broad_scores.Astrocyte	no	na
broad_scores.BM	no	na
broad_scores.BM...Prog.	no	na
broad_scores.B_cell	no	na
broad_scores.CMP	no	na
broad_scores.Chondrocytes	no	na
broad_scores.DC	no	na
broad_scores.Embryonic_stem_cells	no	na
broad_scores.Endothelial_cells	no	na
broad_scores.Epithelial_cells	no	na
broad_scores.Erythroblast	no	na
broad_scores.Fibroblasts	no	na
broad_scores.GMP	no	na
broad_scores.Gametocytes	no	na
broad_scores.HSC_.G.CSF	no	na
broad_scores.HSC_CD34.	no	na
broad_scores.Hepatocytes	no	na
broad_scores.Keratinocytes	no	na
broad_scores.MEP	no	na
broad_scores.MSC	no	na
broad_scores.Macrophage	no	na
broad_scores.Monocyte	no	na
broad_scores.Myelocyte	no	na
broad_scores.NK_cell	no	na
broad_scores.Neuroepithelial_cell	no	na
broad_scores.Neurons	no	na
broad_scores.Neutrophils	no	na
broad_scores.Osteoblasts	no	na
broad_scores.Platelets	no	na
broad_scores.Pre.B_cell_CD34.	no	na
broad_scores.Pro.B_cell_CD34.	no	na
broad_scores.Pro.Myelocyte	no	na
broad_scores.Smooth_muscle_cells	no	na
broad_scores.T_cells	no	na
broad_scores.Tissue_stem_cells	no	na
broad_scores.iPS_cells	no	na
labels	pretty sure no	na
delta.next	no	na
pruned.labels	no	na
project	no	na
singler.broad	pretty sure no	na
pruned.labels.broad	pretty sure no	na
pruned.labels.fine	no	na
singler.fine	no	na
fine_scores.Astrocyte.Embryonic_stem_cell.derived	no	na
fine_scores.BM	no	na
fine_scores.B_cell	no	na
fine_scores.B_cell.CXCR4._centroblast	no	na
fine_scores.B_cell.CXCR4._centrocyte	no	na
fine_scores.B_cell.Germinal_center	no	na
fine_scores.B_cell.Memory	no	na
fine_scores.B_cell.Naive	no	na
fine_scores.B_cell.Plasma_cell	no	na
fine_scores.B_cell.immature	no	na
fine_scores.CMP	no	na
fine_scores.Chondrocytes.MSC.derived	no	na
fine_scores.DC.monocyte.derived	no	na
fine_scores.DC.monocyte.derived.A._fumigatus_germ_tubes_6h	no	na
fine_scores.DC.monocyte.derived.AEC.conditioned	no	na
fine_scores.DC.monocyte.derived.AM580	no	na
fine_scores.DC.monocyte.derived.CD40L	no	na
fine_scores.DC.monocyte.derived.LPS	no	na
fine_scores.DC.monocyte.derived.Poly.IC.	no	na
fine_scores.DC.monocyte.derived.Schuler_treatment	no	na
fine_scores.DC.monocyte.derived.anti.DC.SIGN_2h	no	na
fine_scores.DC.monocyte.derived.antiCD40.VAF347	no	na
fine_scores.DC.monocyte.derived.immature	no	na
fine_scores.DC.monocyte.derived.mature	no	na
fine_scores.DC.monocyte.derived.rosiglitazone	no	na
fine_scores.DC.monocyte.derived.rosiglitazone.AGN193109	no	na
fine_scores.Embryonic_stem_cells	no	na
fine_scores.Endothelial_cells.HUVEC	no	na
fine_scores.Endothelial_cells.HUVEC.B._anthracis_LT	no	na
fine_scores.Endothelial_cells.HUVEC.Borrelia_burgdorferi	no	na
fine_scores.Endothelial_cells.HUVEC.FPV.infected	no	na
fine_scores.Endothelial_cells.HUVEC.H5N1.infected	no	na
fine_scores.Endothelial_cells.HUVEC.IFNg	no	na
fine_scores.Endothelial_cells.HUVEC.IL.1b	no	na
fine_scores.Endothelial_cells.HUVEC.PR8.infected	no	na
fine_scores.Endothelial_cells.HUVEC.Serum_Amyloid_A	no	na
fine_scores.Endothelial_cells.HUVEC.VEGF	no	na
fine_scores.Endothelial_cells.blood_vessel	no	na
fine_scores.Endothelial_cells.lymphatic	no	na
fine_scores.Endothelial_cells.lymphatic.KSHV	no	na
fine_scores.Endothelial_cells.lymphatic.TNFa_48h	no	na
fine_scores.Epithelial_cells.bladder	no	na
fine_scores.Epithelial_cells.bronchial	no	na
fine_scores.Erythroblast	no	na
fine_scores.Fibroblasts.breast	no	na
fine_scores.Fibroblasts.foreskin	no	na
fine_scores.GMP	no	na
fine_scores.Gametocytes.oocyte	no	na
fine_scores.Gametocytes.spermatocyte	no	na
fine_scores.HSC_.G.CSF	no	na
fine_scores.HSC_CD34.	no	na
fine_scores.Hepatocytes	no	na
fine_scores.Keratinocytes	no	na
fine_scores.Keratinocytes.IFNg	no	na
fine_scores.Keratinocytes.IL19	no	na
fine_scores.Keratinocytes.IL1b	no	na
fine_scores.Keratinocytes.IL20	no	na
fine_scores.Keratinocytes.IL22	no	na
fine_scores.Keratinocytes.IL24	no	na
fine_scores.Keratinocytes.IL26	no	na
fine_scores.Keratinocytes.KGF	no	na
fine_scores.MEP	no	na
fine_scores.MSC	no	na
fine_scores.Macrophage.Alveolar	no	na
fine_scores.Macrophage.Alveolar.B._anthacis_spores	no	na
fine_scores.Macrophage.monocyte.derived	no	na
fine_scores.Macrophage.monocyte.derived.IFNa	no	na
fine_scores.Macrophage.monocyte.derived.IL.4.Dex.TGFb	no	na
fine_scores.Macrophage.monocyte.derived.IL.4.Dex.cntrl	no	na
fine_scores.Macrophage.monocyte.derived.IL.4.TGFb	no	na
fine_scores.Macrophage.monocyte.derived.IL.4.cntrl	no	na
fine_scores.Macrophage.monocyte.derived.M.CSF	no	na
fine_scores.Macrophage.monocyte.derived.M.CSF.IFNg	no	na
fine_scores.Macrophage.monocyte.derived.M.CSF.IFNg.Pam3Cys	no	na
fine_scores.Macrophage.monocyte.derived.M.CSF.Pam3Cys	no	na
fine_scores.Macrophage.monocyte.derived.S._aureus	no	na
fine_scores.Monocyte	no	na
fine_scores.Monocyte.CD14.	no	na
fine_scores.Monocyte.CD16.	no	na
fine_scores.Monocyte.CXCL4	no	na
fine_scores.Monocyte.F._tularensis_novicida	no	na
fine_scores.Monocyte.MCSF	no	na
fine_scores.Monocyte.S._typhimurium_flagellin	no	na
fine_scores.Monocyte.anti.FcgRIIB	no	na
fine_scores.Monocyte.leukotriene_D4	no	na
fine_scores.Myelocyte	no	na
fine_scores.NK_cell	no	na
fine_scores.NK_cell.CD56hiCD62L.	no	na
fine_scores.NK_cell.IL2	no	na
fine_scores.Neuroepithelial_cell.ESC.derived	no	na
fine_scores.Neurons.ES_cell.derived_neural_precursor	no	na
fine_scores.Neurons.Schwann_cell	no	na
fine_scores.Neurons.adrenal_medulla_cell_line	no	na
fine_scores.Neutrophil	no	na
fine_scores.Neutrophil.GM.CSF_IFNg	no	na
fine_scores.Neutrophil.LPS	no	na
fine_scores.Neutrophil.commensal_E._coli_MG1655	no	na
fine_scores.Neutrophil.inflam	no	na
fine_scores.Neutrophil.uropathogenic_E._coli_UTI89	no	na
fine_scores.Osteoblasts	no	na
fine_scores.Osteoblasts.BMP2	no	na
fine_scores.Platelets	no	na
fine_scores.Pre.B_cell_CD34.	no	na
fine_scores.Pro.B_cell_CD34.	no	na
fine_scores.Pro.Myelocyte	no	na
fine_scores.Smooth_muscle_cells.bronchial	no	na
fine_scores.Smooth_muscle_cells.bronchial.vit_D	no	na
fine_scores.Smooth_muscle_cells.umbilical_vein	no	na
fine_scores.Smooth_muscle_cells.vascular	no	na
fine_scores.Smooth_muscle_cells.vascular.IL.17	no	na
fine_scores.T_cell.CCR10.CLA.1.25.OH.2_vit_D3.IL.12	no	na
fine_scores.T_cell.CD4.	no	na
fine_scores.T_cell.CD4._Naive	no	na
fine_scores.T_cell.CD4._central_memory	no	na
fine_scores.T_cell.CD4._effector_memory	no	na
fine_scores.T_cell.CD8.	no	na
fine_scores.T_cell.CD8._Central_memory	no	na
fine_scores.T_cell.CD8._effector_memory	no	na
fine_scores.T_cell.CD8._effector_memory_RA	no	na
fine_scores.T_cell.CD8._naive	no	na
fine_scores.T_cell.Treg.Naive	no	na
fine_scores.T_cell.effector	no	na
fine_scores.T_cell.gamma.delta	no	na
fine_scores.Tissue_stem_cells.BM_MSC	no	na
fine_scores.Tissue_stem_cells.BM_MSC.BMP2	no	na
fine_scores.Tissue_stem_cells.BM_MSC.TGFb3	no	na
fine_scores.Tissue_stem_cells.BM_MSC.osteogenic	no	na
fine_scores.Tissue_stem_cells.CD326.CD56.	no	na
fine_scores.Tissue_stem_cells.adipose.derived_MSC_AM3	no	na
fine_scores.Tissue_stem_cells.dental_pulp	no	na
fine_scores.Tissue_stem_cells.iliac_MSC	no	na
fine_scores.Tissue_stem_cells.lipoma.derived_MSC	no	na
fine_scores.iPS_cells.CRL2097_foreskin	no	na
fine_scores.iPS_cells.CRL2097_foreskin.derived.d20_hepatic_diff	no	na
fine_scores.iPS_cells.CRL2097_foreskin.derived.undiff.	no	na
fine_scores.iPS_cells.PDB_1lox.17Puro.10	no	na
fine_scores.iPS_cells.PDB_1lox.17Puro.5	no	na
fine_scores.iPS_cells.PDB_1lox.21Puro.20	no	na
fine_scores.iPS_cells.PDB_1lox.21Puro.26	no	na
fine_scores.iPS_cells.PDB_2lox.17	no	na
fine_scores.iPS_cells.PDB_2lox.21	no	na
fine_scores.iPS_cells.PDB_2lox.22	no	na
fine_scores.iPS_cells.PDB_2lox.5	no	na
fine_scores.iPS_cells.PDB_fibroblasts	no	na
fine_scores.iPS_cells.adipose_stem_cell.derived.lentiviral	no	na
fine_scores.iPS_cells.adipose_stem_cell.derived.minicircle.derived	no	na
fine_scores.iPS_cells.adipose_stem_cells	no	na
fine_scores.iPS_cells.fibroblast.derived.Direct_del._reprog	no	na
fine_scores.iPS_cells.fibroblast.derived.Retroviral_transf	no	na
fine_scores.iPS_cells.fibroblasts	no	na
fine_scores.iPS_cells.foreskin_fibrobasts	no	na
fine_scores.iPS_cells.iPS.minicircle.derived	no	na
fine_scores.iPS_cells.skin_fibroblast	no	na
fine_scores.iPS_cells.skin_fibroblast.derived	no	na
gene_markers_NB_predicted.cell.signature.ident	yes	gene_markers_NB_predicted.cell.signature.ident
Annotated_Clusters	yes	Annotated Clusters
gene_markers_Patel_2022_predicted.cell.signature.ident	yes	gene_markers_Patel_2022_predicted.cell.signature.ident
gene_markers_Danielli_2024_predicted.cell.signature.ident	yes	gene_markers_Danielli_2024_predicted.cell.signature.ident